{"episode_rewards": [27.0, 29.0, 10.0, 20.0, 28.0, 10.0, 27.0, 22.0, 14.0, 12.0, 17.0, 12.0, 75.0, 17.0, 36.0, 27.0, 28.0, 25.0, 36.0, 12.0, 20.0, 13.0, 17.0, 13.0, 40.0, 23.0, 23.0, 43.0, 35.0, 26.0, 42.0, 27.0, 13.0, 20.0, 19.0, 23.0, 23.0, 10.0, 49.0, 14.0, 37.0, 23.0, 29.0, 11.0, 27.0, 18.0, 18.0, 79.0, 42.0, 27.0, 35.0, 37.0, 34.0, 21.0, 30.0, 17.0, 15.0, 17.0, 13.0, 38.0, 40.0, 21.0, 46.0, 29.0, 36.0, 14.0, 10.0, 18.0, 47.0, 14.0, 33.0, 28.0, 10.0, 43.0, 40.0, 27.0, 21.0, 28.0, 39.0, 29.0, 15.0, 20.0, 20.0, 14.0, 10.0, 37.0, 27.0, 23.0, 19.0, 49.0, 59.0, 85.0, 19.0, 22.0, 16.0, 14.0, 20.0, 46.0, 9.0, 17.0, 45.0, 71.0, 50.0, 13.0, 23.0, 34.0, 11.0, 42.0, 117.0, 45.0, 17.0, 44.0, 12.0, 12.0, 24.0, 22.0, 17.0, 15.0, 55.0, 85.0, 31.0, 37.0, 18.0, 17.0, 12.0, 19.0, 17.0, 18.0, 12.0, 37.0, 18.0, 25.0, 38.0, 34.0, 20.0, 20.0, 10.0, 9.0, 29.0, 12.0, 57.0, 14.0, 25.0, 19.0, 19.0, 85.0, 27.0, 39.0, 34.0, 20.0, 12.0, 36.0, 10.0, 13.0, 28.0, 18.0, 30.0, 69.0, 27.0, 61.0, 15.0, 15.0, 13.0, 27.0, 14.0, 16.0, 23.0, 18.0, 16.0, 24.0, 16.0, 17.0, 43.0, 14.0, 12.0, 36.0, 29.0, 32.0, 61.0, 12.0, 32.0, 18.0, 27.0, 59.0, 13.0, 39.0, 42.0, 30.0, 25.0, 14.0, 36.0, 16.0, 22.0], "timestamps": [1503001554.4594016, 1503001557.1741495, 1503001557.8737996, 1503001559.1589482, 1503001561.0997875, 1503001561.677638, 1503001563.415694, 1503001565.0346045, 1503001566.2959712, 1503001567.2886777, 1503001568.5535693, 1503001569.3618698, 1503001574.545499, 1503001575.9996893, 1503001578.3834555, 1503001580.2026837, 1503001582.8461695, 1503001585.677214, 1503001590.468593, 1503001592.5900855, 1503001595.412742, 1503001598.0934334, 1503001599.9520428, 1503001600.9316723, 1503001603.6417675, 1503001605.1218798, 1503001606.678212, 1503001612.0724072, 1503001614.2977154, 1503001615.8725686, 1503001618.3874853, 1503001620.0358753, 1503001620.8171432, 1503001622.0515108, 1503001623.1225975, 1503001624.4129198, 1503001625.7220159, 1503001626.2491317, 1503001629.330332, 1503001630.208159, 1503001632.4576266, 1503001633.8325713, 1503001635.6672359, 1503001636.270659, 1503001637.940555, 1503001639.0758877, 1503001640.178447, 1503001645.2824981, 1503001647.831163, 1503001649.391336, 1503001651.4428108, 1503001653.6444495, 1503001655.66624, 1503001657.064328, 1503001658.8274164, 1503001659.9776971, 1503001660.8563871, 1503001661.9145572, 1503001662.7309108, 1503001665.2950048, 1503001667.921879, 1503001669.1831193, 1503001672.006163, 1503001673.821712, 1503001676.4363801, 1503001677.327455, 1503001677.8841593, 1503001679.115861, 1503001682.3066678, 1503001683.1146615, 1503001685.0997248, 1503001686.848968, 1503001687.4258478, 1503001690.2656853, 1503001693.173975, 1503001694.8705893, 1503001696.1256168, 1503001697.9700701, 1503001700.7592175, 1503001702.6591992, 1503001703.6331913, 1503001705.0919418, 1503001706.6175342, 1503001707.5220304, 1503001708.1271663, 1503001710.6327817, 1503001712.6265352, 1503001714.028299, 1503001715.1810184, 1503001718.5355926, 1503001722.3201087, 1503001727.8907964, 1503001729.1108935, 1503001730.5251236, 1503001731.4887345, 1503001732.2978413, 1503001733.4998622, 1503001736.7204065, 1503001737.3910596, 1503001738.4347754, 1503001741.2920773, 1503001745.7110815, 1503001748.8820035, 1503001749.6349578, 1503001751.3104842, 1503001753.4574487, 1503001754.1639037, 1503001756.9222271, 1503001764.1526406, 1503001767.0180848, 1503001768.0998297, 1503001770.9564798, 1503001771.6466277, 1503001772.3369992, 1503001773.7356515, 1503001775.140269, 1503001776.1639516, 1503001777.0233982, 1503001780.5409162, 1503001785.959061, 1503001787.9561493, 1503001790.3450842, 1503001791.5231013, 1503001792.7584991, 1503001793.460652, 1503001795.4553506, 1503001796.42984, 1503001797.5563133, 1503001798.2588391, 1503001800.9333985, 1503001802.021896, 1503001803.4666648, 1503001805.715537, 1503001807.8651116, 1503001809.01276, 1503001810.200911, 1503001810.7706015, 1503001811.2539563, 1503001812.9182184, 1503001813.6027708, 1503001817.0970721, 1503001817.8865197, 1503001819.3223991, 1503001820.4141026, 1503001821.5773137, 1503001826.7004004, 1503001828.5266325, 1503001830.8131785, 1503001832.8128803, 1503001833.9821649, 1503001834.6424463, 1503001836.7311065, 1503001837.2748628, 1503001838.0119271, 1503001839.6146142, 1503001840.6798177, 1503001842.5960512, 1503001846.9523952, 1503001848.7411158, 1503001852.3282084, 1503001853.240419, 1503001854.1383758, 1503001855.0751107, 1503001856.6439977, 1503001857.4105244, 1503001858.349308, 1503001859.6675563, 1503001860.8072822, 1503001861.7508283, 1503001863.1708624, 1503001864.0872667, 1503001865.0534701, 1503001867.8980634, 1503001868.6690216, 1503001869.3823104, 1503001871.584518, 1503001873.2660131, 1503001875.13256, 1503001878.886938, 1503001879.5626178, 1503001881.4280171, 1503001882.432436, 1503001883.9665647, 1503001887.6288073, 1503001888.3491895, 1503001890.6571128, 1503001893.1886427, 1503001894.9116492, 1503001896.3843777, 1503001897.1651385, 1503001899.2487977, 1503001900.1405993, 1503001901.3817303], "episode_lengths": [27, 29, 10, 20, 28, 10, 27, 22, 14, 12, 17, 12, 75, 17, 36, 27, 28, 25, 36, 12, 20, 13, 17, 13, 40, 23, 23, 43, 35, 26, 42, 27, 13, 20, 19, 23, 23, 10, 49, 14, 37, 23, 29, 11, 27, 18, 18, 79, 42, 27, 35, 37, 34, 21, 30, 17, 15, 17, 13, 38, 40, 21, 46, 29, 36, 14, 10, 18, 47, 14, 33, 28, 10, 43, 40, 27, 21, 28, 39, 29, 15, 20, 20, 14, 10, 37, 27, 23, 19, 49, 59, 85, 19, 22, 16, 14, 20, 46, 9, 17, 45, 71, 50, 13, 23, 34, 11, 42, 117, 45, 17, 44, 12, 12, 24, 22, 17, 15, 55, 85, 31, 37, 18, 17, 12, 19, 17, 18, 12, 37, 18, 25, 38, 34, 20, 20, 10, 9, 29, 12, 57, 14, 25, 19, 19, 85, 27, 39, 34, 20, 12, 36, 10, 13, 28, 18, 30, 69, 27, 61, 15, 15, 13, 27, 14, 16, 23, 18, 16, 24, 16, 17, 43, 14, 12, 36, 29, 32, 61, 12, 32, 18, 27, 59, 13, 39, 42, 30, 25, 14, 36, 16, 22], "episode_types": ["t", "t", "t", "t", "t", "t", "t", "t", "t", "t", "t", "t", "t", "t", "t", "t", "t", "t", "t", "t", "t", "t", "t", "t", "t", "t", "t", "t", "t", "t", "t", "t", "t", "t", "t", "t", "t", "t", "t", "t", "t", "t", "t", "t", "t", "t", "t", "t", "t", "t", "t", "t", "t", "t", "t", "t", "t", "t", "t", "t", "t", "t", "t", "t", "t", "t", "t", "t", "t", "t", "t", "t", "t", "t", "t", "t", "t", "t", "t", "t", "t", "t", "t", "t", "t", "t", "t", "t", "t", "t", "t", "t", "t", "t", "t", "t", "t", "t", "t", "t", "t", "t", "t", "t", "t", "t", "t", "t", "t", "t", "t", "t", "t", "t", "t", "t", "t", "t", "t", "t", "t", "t", "t", "t", "t", "t", "t", "t", "t", "t", "t", "t", "t", "t", "t", "t", "t", "t", "t", "t", "t", "t", "t", "t", "t", "t", "t", "t", "t", "t", "t", "t", "t", "t", "t", "t", "t", "t", "t", "t", "t", "t", "t", "t", "t", "t", "t", "t", "t", "t", "t", "t", "t", "t", "t", "t", "t", "t", "t", "t", "t", "t", "t", "t", "t", "t", "t", "t", "t", "t", "t", "t", "t", "t"], "initial_reset_timestamp": 1503001551.609933}