{"episode_lengths": [9, 17, 21, 25, 22, 30, 33, 30, 70, 9, 15, 12, 9, 9, 9, 10, 9, 11, 10, 13, 12, 9, 10, 12, 10, 10, 8, 12, 12, 8, 9, 9, 11, 14, 10, 8, 11, 10, 10, 10, 8, 12, 9, 9, 8, 9, 8, 9, 10, 9, 8, 10, 8, 8, 9, 9, 9, 10, 9, 9, 9, 9, 11, 9, 9, 9, 9, 10, 9, 10, 10, 10, 10, 9, 10, 9, 11, 12, 10, 10, 9, 9, 9, 8, 10, 9, 11, 10, 8, 10, 10, 8, 9, 10, 10, 10, 9, 10, 8], "timestamps": [1503437479.9031904, 1503437480.2661004, 1503437481.1625001, 1503437482.2970881, 1503437483.295578, 1503437484.678327, 1503437486.2593374, 1503437487.6980853, 1503437491.689901, 1503437492.1213725, 1503437492.8657207, 1503437493.4088755, 1503437493.8070598, 1503437494.1952012, 1503437494.5760286, 1503437495.0050364, 1503437495.444783, 1503437495.946391, 1503437496.376846, 1503437496.9619637, 1503437497.4796891, 1503437497.9008205, 1503437498.3361194, 1503437498.8855736, 1503437499.3236918, 1503437499.7601924, 1503437500.0845485, 1503437500.7465298, 1503437501.3144584, 1503437501.6391418, 1503437502.0599906, 1503437502.4352996, 1503437502.8885734, 1503437503.5262039, 1503437503.9381933, 1503437504.2617075, 1503437504.7328055, 1503437505.1664813, 1503437505.597601, 1503437506.0321503, 1503437506.3565295, 1503437506.8751357, 1503437507.3311784, 1503437507.7173886, 1503437508.0421193, 1503437508.4153244, 1503437508.736994, 1503437509.1130958, 1503437509.6020582, 1503437509.9737434, 1503437510.3064938, 1503437510.7236228, 1503437511.050241, 1503437511.3829634, 1503437511.7489796, 1503437512.20395, 1503437512.5763009, 1503437513.026743, 1503437513.400242, 1503437513.776484, 1503437514.1487718, 1503437514.5958836, 1503437515.0672238, 1503437515.439792, 1503437515.9188976, 1503437516.3181474, 1503437516.6956432, 1503437517.1165032, 1503437517.490628, 1503437517.9098158, 1503437518.330863, 1503437518.7445648, 1503437519.1832633, 1503437519.637732, 1503437520.047271, 1503437520.4462569, 1503437520.8963113, 1503437521.4059496, 1503437521.8134184, 1503437522.256147, 1503437522.646584, 1503437523.1079817, 1503437523.4805834, 1503437523.8035514, 1503437524.2318473, 1503437524.6071787, 1503437525.1399753, 1503437525.562868, 1503437525.8802445, 1503437526.3071697, 1503437526.7214284, 1503437527.0650415, 1503437527.45607, 1503437527.87567, 1503437528.2979524, 1503437528.7257423, 1503437529.1265917, 1503437529.5713782, 1503437529.8955486], "episode_types": ["t", "t", "t", "t", "t", "t", "t", "t", "t", "t", "t", "t", "t", "t", "t", "t", "t", "t", "t", "t", "t", "t", "t", "t", "t", "t", "t", "t", "t", "t", "t", "t", "t", "t", "t", "t", "t", "t", "t", "t", "t", "t", "t", "t", "t", "t", "t", "t", "t", "t", "t", "t", "t", "t", "t", "t", "t", "t", "t", "t", "t", "t", "t", "t", "t", "t", "t", "t", "t", "t", "t", "t", "t", "t", "t", "t", "t", "t", "t", "t", "t", "t", "t", "t", "t", "t", "t", "t", "t", "t", "t", "t", "t", "t", "t", "t", "t", "t", "t", "t"], "episode_rewards": [9.0, 17.0, 21.0, 25.0, 22.0, 30.0, 33.0, 30.0, 70.0, 9.0, 15.0, 12.0, 9.0, 9.0, 9.0, 10.0, 9.0, 11.0, 10.0, 13.0, 12.0, 9.0, 10.0, 12.0, 10.0, 10.0, 8.0, 12.0, 12.0, 8.0, 9.0, 9.0, 11.0, 14.0, 10.0, 8.0, 11.0, 10.0, 10.0, 10.0, 8.0, 12.0, 9.0, 9.0, 8.0, 9.0, 8.0, 9.0, 10.0, 9.0, 8.0, 10.0, 8.0, 8.0, 9.0, 9.0, 9.0, 10.0, 9.0, 9.0, 9.0, 9.0, 11.0, 9.0, 9.0, 9.0, 9.0, 10.0, 9.0, 10.0, 10.0, 10.0, 10.0, 9.0, 10.0, 9.0, 11.0, 12.0, 10.0, 10.0, 9.0, 9.0, 9.0, 8.0, 10.0, 9.0, 11.0, 10.0, 8.0, 10.0, 10.0, 8.0, 9.0, 10.0, 10.0, 10.0, 9.0, 10.0, 8.0], "initial_reset_timestamp": 1503437479.350489}